# provenance: Supplementary Table 6; the 0.27-0.42 range quoted in the text is the TEST split
gene,gene_symbol,variant,split,case_freq,ctrl_freq,difference
PF3D7_0709000,CRT,326_N>S,train,0.9133858267716536,0.458252427184466,0.45513339958718757
PF3D7_0709000,CRT,326_N>S,val,0.8376623376623377,0.4285714285714285,0.40909090909090917
PF3D7_0709000,CRT,326_N>S,test,0.6933333333333334,0.3050847457627119,0.3882485875706215
PF3D7_0505500,MSH6,93_Y>S,train,0.0866141732283464,0.1398058252427184,-0.053191652014371996
PF3D7_0505500,MSH6,93_Y>S,val,0.5714285714285714,0.0993788819875776,0.4720496894409938
PF3D7_0505500,MSH6,93_Y>S,test,0.6266666666666667,0.2033898305084746,0.4232768361581921
PF3D7_1119600,PF3D7_1119600,3_R>S,train,0.1299212598425196,0.0951456310679611,0.03477562877455849
PF3D7_1119600,PF3D7_1119600,3_R>S,val,0.0064935064935064,0.0559006211180124,-0.049407114624506004
PF3D7_1119600,PF3D7_1119600,3_R>S,test,0.0,0.1186440677966101,-0.1186440677966101
PF3D7_1121700,GCN20,302_E>K,train,0.0236220472440944,0.0155339805825242,0.008088066661570201
PF3D7_1121700,GCN20,302_E>K,val,0.0,0.0248447204968944,-0.0248447204968944
PF3D7_1121700,GCN20,302_E>K,test,0.0,0.1016949152542373,-0.1016949152542373
PF3D7_1121600,EXP1,136_G>D,train,0.8228346456692913,0.8116504854368932,0.0111841602323981
PF3D7_1121600,EXP1,136_G>D,val,0.8701298701298701,0.5714285714285714,0.2987012987012987
PF3D7_1121600,EXP1,136_G>D,test,0.9666666666666668,0.559322033898305,0.40734463276836175
PF3D7_1213800,PRS,36_V>I,train,0.562992125984252,0.6699029126213593,-0.10691078663710729
PF3D7_1213800,PRS,36_V>I,val,0.8701298701298701,0.6956521739130435,0.17447769621682663
PF3D7_1213800,PRS,36_V>I,test,0.9533333333333334,0.6779661016949152,0.27536723163841814
