# provenance: results/permutation/PF3D7_1362500_permut100.pkl (100 permutations, ProteinBERT model)
gene,gene_symbol,variant,importance,perm_auc_mean,ci_low,ci_high,baseline_auc,significant
PF3D7_1362500,EXO,E415G,0.3259090362652777,0.49085503907032657,0.43920657182929274,0.5425035063113604,0.816557453416149,True
PF3D7_1362500,EXO,V480L,0.005333400120216547,0.810765628130635,0.8009552193949108,0.8205760368663594,0.816557453416149,False
PF3D7_1362500,EXO,D404H,0.00011340412742955053,0.8175616108996193,0.8156080945702264,0.8195151272290122,0.816557453416149,False
PF3D7_1362500,EXO,V410I,-0.0001945501903426461,0.8167829593267882,0.8121473652574634,0.821418553396113,0.816557453416149,False
PF3D7_1362500,EXO,N374X,-0.00047385293528356964,0.8170003506311361,0.8113539370867562,0.822646764175516,0.816557453416149,False
PF3D7_1362500,EXO,D314G,-0.0007351232217992498,0.8185133239831698,0.816489681426568,0.8205369665397716,0.816557453416149,False
PF3D7_1362500,EXO,E12G,-0.000948707673813054,0.817391304347826,0.814205570026047,0.8205770386696052,0.816557453416149,False
PF3D7_1362500,EXO,S67C,-0.001204367862152056,0.8178937086756162,0.8152905229412944,0.8204968944099378,0.816557453416149,False
PF3D7_1362500,EXO,D376X,-0.001344820677218972,0.8168220296533761,0.809134942897215,0.8245091164095372,0.816557453416149,False
PF3D7_1362500,EXO,N375X,-0.0013494289721497355,0.8167516529753556,0.8108891003806852,0.8226142055700261,0.816557453416149,False
PF3D7_1362500,EXO,M687L,-0.001887397315167183,0.8187595171308355,0.8159201562813064,0.8215988779803647,0.816557453416149,False
PF3D7_1362500,EXO,K472X,-0.0033646563814864194,0.8197678320977759,0.8047480464836706,0.8347876177118814,0.816557453416149,False
