Gene ID	source_id	Gene Name or Symbol	Transcript Product Description	Product Description
PF3D7_0104300	PF3D7_0104300.1	UBP1	"ubiquitin carboxyl-terminal hydrolase 1, putative"	"ubiquitin carboxyl-terminal hydrolase 1, putative"
PF3D7_0206800	PF3D7_0206800.1	MSP2	merozoite surface protein 2	merozoite surface protein 2
PF3D7_0211600	PF3D7_0211600.1	ALG14	"UDP-N-acetylglucosamine transferase subunit ALG14, putative"	"UDP-N-acetylglucosamine transferase subunit ALG14, putative"
PF3D7_0303600	PF3D7_0303600.1	Plrx	plasmoredoxin	plasmoredoxin
PF3D7_0316600	PF3D7_0316600.1	FNT	formate-nitrite transporter	formate-nitrite transporter
PF3D7_0321200	PF3D7_0321200.1	ALG7	"UDP-N-acetylglucosamine--dolichyl-phosphate N-acetylglucosaminephosphotransferase, putative"	"UDP-N-acetylglucosamine--dolichyl-phosphate N-acetylglucosaminephosphotransferase, putative"
PF3D7_0403500	PF3D7_0403500.1	USP	ubiquitin-specific protease	ubiquitin-specific protease
PF3D7_0419900	PF3D7_0419900.1	N/A	"phosphatidylinositol 4-kinase, putative"	"phosphatidylinositol 4-kinase, putative"
PF3D7_0505500	PF3D7_0505500.1	MSH6	"DNA mismatch repair protein MSH6, putative"	"DNA mismatch repair protein MSH6, putative"
PF3D7_0508300	PF3D7_0508300.1	TPT	triose phosphate transporter	triose phosphate transporter
PF3D7_0509800	PF3D7_0509800.1	PI4KB	phosphatidylinositol 4-kinase beta	phosphatidylinositol 4-kinase beta
PF3D7_0516500	PF3D7_0516500.1	MFS1	"major facilitator superfamily domain-containing protein, putative"	"major facilitator superfamily domain-containing protein, putative"
PF3D7_0522600	PF3D7_0522600.1	N/A	"magnesium transporter NIPA, putative"	"magnesium transporter NIPA, putative"
PF3D7_0530200	PF3D7_0530200.1	PPT	phosphoenolpyruvate/phosphate translocator	phosphoenolpyruvate/phosphate translocator
PF3D7_0603300	PF3D7_0603300.1	DHODH	dihydroorotate dehydrogenase	dihydroorotate dehydrogenase
PF3D7_0609700	PF3D7_0609700.1	KIC6	protein KIC6	protein KIC6
PF3D7_0615500	PF3D7_0615500.1	CRK5	cdc2-related protein kinase 5	cdc2-related protein kinase 5
PF3D7_0616900	PF3D7_0616900.1	N/A	"conserved Plasmodium protein, unknown function"	"conserved Plasmodium protein, unknown function"
PF3D7_0628200	PF3D7_0628200.1	PK4	eukaryotic translation initiation factor 2-alpha kinase	eukaryotic translation initiation factor 2-alpha kinase
PF3D7_0629500	PF3D7_0629500.1	AAT1	amino acid transporter AAT1	amino acid transporter AAT1
PF3D7_0702200	PF3D7_0702200.1	LPL20	lysophospholipase LPL20	lysophospholipase LPL20
PF3D7_0705900	PF3D7_0705900.1	N/A	"ATP synthase subunit C, putative"	"ATP synthase subunit C, putative"
PF3D7_0706700	PF3D7_0706700.1	MSH2-2	"DNA mismatch repair protein MSH2, putative"	"DNA mismatch repair protein MSH2, putative"
PF3D7_0708600	PF3D7_0708600.1	IMC1d	"inner membrane complex protein 1d, putative"	"inner membrane complex protein 1d, putative"
PF3D7_0708900	PF3D7_0708900.1	SCO1	"protein SCO1, putative"	"protein SCO1, putative"
PF3D7_0709300	PF3D7_0709300.1	MED14	"mediator of RNA polymerase II transcription subunit 14, putative"	"mediator of RNA polymerase II transcription subunit 14, putative"
PF3D7_0715500	PF3D7_0715500.1	N/A	"ATP synthase subunit epsilon, mitochondrial, putative"	"ATP synthase subunit epsilon, mitochondrial, putative"
PF3D7_0802200	PF3D7_0802200.1	1-CysPxn	1-cys peroxiredoxin	1-cys peroxiredoxin
PF3D7_0806400	PF3D7_0806400.1	ALG13	"UDP-N-acetylglucosamine transferase subunit ALG13, putative"	"UDP-N-acetylglucosamine transferase subunit ALG13, putative"
PF3D7_0812100	PF3D7_0812100.1	N/A	"proteasome activator complex subunit 4, putative"	"proteasome activator complex subunit 4, putative"
PF3D7_0813700	PF3D7_0813700.1	ABCF1	ABC transporter F family member 1	ABC transporter F family member 1
PF3D7_0816600	PF3D7_0816600.1	ClpB1	chaperone protein ClpB1	chaperone protein ClpB1
PF3D7_0823300	PF3D7_0823300.1	GCN5	histone acetyltransferase GCN5	histone acetyltransferase GCN5
PF3D7_0914400	PF3D7_0914400.1	KIC3	protein KIC3	protein KIC3
PF3D7_0918600	PF3D7_0918600.1	RECQ1	ATP-dependent DNA helicase Q1	ATP-dependent DNA helicase Q1
PF3D7_0918900	PF3D7_0918900.1	gammaGCS	gamma-glutamylcysteine synthetase	gamma-glutamylcysteine synthetase
PF3D7_1012900	PF3D7_1012900.1	ATG18	autophagy-related protein 18	autophagy-related protein 18
PF3D7_1014900	PF3D7_1014900.1	KIC8	protein KIC8	protein KIC8
PF3D7_1017400	PF3D7_1017400.1	HAD5	phosphomannomutase	phosphomannomutase
PF3D7_1022600	PF3D7_1022600.1	Kelch10	kelch protein K10	kelch protein K10
PF3D7_1025000	PF3D7_1025000.1	EPS15	Eps15-like protein	Eps15-like protein
PF3D7_1036400	PF3D7_1036400.1	LSA1	liver stage antigen 1	liver stage antigen 1
PF3D7_1036800	PF3D7_1036800.1	AT1	"acetyl-CoA transporter 1, putative"	"acetyl-CoA transporter 1, putative"
PF3D7_1113300	PF3D7_1113300.1	UGT	"UDP-galactose transporter, putative"	"UDP-galactose transporter, putative"
PF3D7_1115600	PF3D7_1115600.1	CYP19B	peptidyl-prolyl cis-trans isomerase	peptidyl-prolyl cis-trans isomerase
PF3D7_1115700	PF3D7_1115700.1	FP2A	cysteine proteinase falcipain 2a	cysteine proteinase falcipain 2a
PF3D7_1117200	PF3D7_1117200.1	N/A	"conserved Plasmodium protein, unknown function"	"conserved Plasmodium protein, unknown function"
PF3D7_1121600	PF3D7_1121600.1	EXP1	exported protein 1	exported protein 1
PF3D7_1122500	PF3D7_1122500.1	KIC10	protein KIC10	protein KIC10
PF3D7_1129100	PF3D7_1129100.1	PV1	parasitophorous vacuolar protein 1	parasitophorous vacuolar protein 1
PF3D7_1137400	PF3D7_1137400.1	N/A	"regulator of chromosome condensation, putative"	"regulator of chromosome condensation, putative"
PF3D7_1138300	PF3D7_1138300.1	N/A	"conserved protein, unknown function"	"conserved protein, unknown function"
PF3D7_1145500	PF3D7_1145500.1	ABCB3	"ABC transporter B family member 3, putative"	"ABC transporter B family member 3, putative"
PF3D7_1147700	PF3D7_1147700.1	N/A	"ATP synthase subunit delta, mitochondrial, putative"	"ATP synthase subunit delta, mitochondrial, putative"
PF3D7_1209600	PF3D7_1209600.1	PBGD	porphobilinogen deaminase	porphobilinogen deaminase
PF3D7_1211900	PF3D7_1211900.1	ATP4	non-SERCA-type Ca2+ -transporting P-ATPase	non-SERCA-type Ca2+ -transporting P-ATPase
PF3D7_1213800	PF3D7_1213800.1	PRS	proline--tRNA ligase	proline--tRNA ligase
PF3D7_1219100	PF3D7_1219100.1	CHC	"clathrin heavy chain, putative"	"clathrin heavy chain, putative"
PF3D7_1229100	PF3D7_1229100.1	MRP2	multidrug resistance-associated protein 2	multidrug resistance-associated protein 2
PF3D7_1239700	PF3D7_1239700.1	FTSH1	ATP-dependent zinc metalloprotease FTSH 1	ATP-dependent zinc metalloprotease FTSH 1
PF3D7_1242600	PF3D7_1242600.1	N/A	protein farnesyltransferase subunit alpha	protein farnesyltransferase subunit alpha
PF3D7_1251200	PF3D7_1251200.1	N/A	coronin	coronin
PF3D7_1303500	PF3D7_1303500.1	NHE	sodium/hydrogen exchanger	sodium/hydrogen exchanger
PF3D7_1310000	PF3D7_1310000.1	OSCP	"ATP synthase subunit O, mitochondrial, putative"	"ATP synthase subunit O, mitochondrial, putative"
PF3D7_1322700	PF3D7_1322700.1	N/A	"conserved Plasmodium protein, unknown function"	"conserved Plasmodium protein, unknown function"
PF3D7_1324400	PF3D7_1324400.1	PRELID	"PRELI domain-containing protein, putative"	"PRELI domain-containing protein, putative"
PF3D7_1335900	PF3D7_1335900.1	TRAP	thrombospondin-related anonymous protein	thrombospondin-related anonymous protein
PF3D7_1343800	PF3D7_1343800.1	N/A	"VPS13 domain-containing protein, putative"	"VPS13 domain-containing protein, putative"
PF3D7_1345400	PF3D7_1345400.1	N/A	"conserved Plasmodium protein, unknown function"	"conserved Plasmodium protein, unknown function"
PF3D7_1346400	PF3D7_1346400.1	N/A	"VPS13 domain-containing protein, putative"	"VPS13 domain-containing protein, putative"
PF3D7_1350900	PF3D7_1350900.1	ApiAP2	"AP2 domain transcription factor AP2-O4, putative"	"AP2 domain transcription factor AP2-O4, putative"
PF3D7_1352100	PF3D7_1352100.1	ABCB6	"ABC transporter B family member 6, putative"	"ABC transporter B family member 6, putative"
PF3D7_1401500	PF3D7_1401500.1	N/A	"esterase, putative"	"esterase, putative"
PF3D7_1408000	PF3D7_1408000.1	PMII	plasmepsin II	plasmepsin II
PF3D7_1408100	PF3D7_1408100.1	PMIII	plasmepsin III	plasmepsin III
PF3D7_1412800	PF3D7_1412800.1	NMT	glycylpeptide N-tetradecanoyltransferase	glycylpeptide N-tetradecanoyltransferase
PF3D7_1413500	PF3D7_1413500.1	SufC	iron-sulfur cluster assembly protein SufC	iron-sulfur cluster assembly protein SufC
PF3D7_1434000	PF3D7_1434000.1	CAF16	"CCR4-associated factor 16, putative"	"CCR4-associated factor 16, putative"
PF3D7_1436600	PF3D7_1436600.1	PKG	cGMP-dependent protein kinase	cGMP-dependent protein kinase
PF3D7_1438900	PF3D7_1438900.1	Trx-Px1	thioredoxin peroxidase 1	thioredoxin peroxidase 1
PF3D7_1442400	PF3D7_1442400.1	KIC9	protein KIC9	protein KIC9
PF3D7_1442900	PF3D7_1442900.1	ARFGEF	"Sec7 domain-containing protein ARFGEF, putative"	"Sec7 domain-containing protein ARFGEF, putative"
PF3D7_1448400	PF3D7_1448400.1	HRD3	"ubiquitin-protein ligase, putative"	"ubiquitin-protein ligase, putative"
PF3D7_1448600	PF3D7_1448600.1	VTI1	"SNARE protein, putative"	"SNARE protein, putative"
PF3D7_1450800	PF3D7_1450800.1	N/A	"conserved protein, unknown function"	"conserved protein, unknown function"
PF3D7_1455200	PF3D7_1455200.1	N/A	methyltransferase AAMT	methyltransferase AAMT
PF3D7_1457200	PF3D7_1457200.1	TRX1	thioredoxin 1	thioredoxin 1
PF3D7_1460900	PF3D7_1460900.2	ARPS10	"ribosomal protein S10, apicoplast, putative"	"ribosomal protein S10, apicoplast, putative"
PF3D7_1468600	PF3D7_1468600.1	N/A	"aminophospholipid transporter, putative"	"aminophospholipid transporter, putative"
PF3D7_1468900	PF3D7_1468900.1	N/A	"zinc finger protein, putative"	"zinc finger protein, putative"
PF3D7_1476700	PF3D7_1476700.1	LPL1	lysophospholipase LPL1	lysophospholipase LPL1
PF3D7_0102200	PF3D7_0102200.1	RESA	ring-infected erythrocyte surface antigen	ring-infected erythrocyte surface antigen
PF3D7_0212800	PF3D7_0212800.1	MATE	"multidrug efflux pump, putative"	"multidrug efflux pump, putative"
PF3D7_0217100	PF3D7_0217100.1	N/A	"ATP synthase subunit alpha, mitochondrial"	"ATP synthase subunit alpha, mitochondrial"
PF3D7_0302500	PF3D7_0302500.1	CLAG3.1	cytoadherence linked asexual protein 3.1	cytoadherence linked asexual protein 3.1
PF3D7_0309200	PF3D7_0309200.1	ARK2	"aurora-related kinase ARK2, putative"	"aurora-related kinase ARK2, putative"
PF3D7_0317100	PF3D7_0317100.1	B9	6-cysteine protein B9	6-cysteine protein B9
PF3D7_0321900	PF3D7_0321900.1	CARL	cyclic amine resistance locus protein	cyclic amine resistance locus protein
PF3D7_0422000	PF3D7_0422000.1	N/A	"steroid dehydrogenase, putative"	"steroid dehydrogenase, putative"
PF3D7_0505300	PF3D7_0505300.1	N/A	"UDP-N-acetylglucosamine transporter, putative"	"UDP-N-acetylglucosamine transporter, putative"
PF3D7_0511000	PF3D7_0511000.1	TCTP	translationally-controlled tumor protein homolog	translationally-controlled tumor protein homolog
PF3D7_0523000	PF3D7_0523000.1	MDR1	multidrug resistance protein 1	multidrug resistance protein 1
PF3D7_0528100	PF3D7_0528100.1	N/A	"AP-1/2 complex subunit beta, putative"	"AP-1/2 complex subunit beta, putative"
PF3D7_0604700	PF3D7_0604700.1	GILP	glyoxalase I-like protein GILP	glyoxalase I-like protein GILP
PF3D7_0605300	PF3D7_0605300.1	ARK1	aurora-related kinase ARK1	aurora-related kinase ARK1
PF3D7_0606000	PF3D7_0606000.1	KIC1	protein KIC1	protein KIC1
PF3D7_0612300	PF3D7_0612300.1	TMEM234	"transmembrane protein 234, putative"	"transmembrane protein 234, putative"
PF3D7_0616200	PF3D7_0616200.1	NDC80	kinetochore protein NDC80	kinetochore protein NDC80
PF3D7_0623200	PF3D7_0623200.1	FNR	ferredoxin--NADP reductase	ferredoxin--NADP reductase
PF3D7_0708700	PF3D7_0708700.1	COX4	"cytochrome c oxidase subunit 4, putative"	"cytochrome c oxidase subunit 4, putative"
PF3D7_0708800	PF3D7_0708800.1	HSP110c	heat shock protein 110	heat shock protein 110
PF3D7_0709000	PF3D7_0709000.1	CRT	chloroquine resistance transporter	chloroquine resistance transporter
PF3D7_0709100	PF3D7_0709100.1	N/A	Cg1 protein	Cg1 protein
PF3D7_0709400	PF3D7_0709400.1	N/A	Cg7 protein	Cg7 protein
PF3D7_0709700	PF3D7_0709700.1	PARE	prodrug activation and resistance esterase	prodrug activation and resistance esterase
PF3D7_0715800	PF3D7_0715800.1	DMT1	"drug/metabolite transporter DMT1, putative"	"drug/metabolite transporter DMT1, putative"
PF3D7_0716900	PF3D7_0716900.1	DMT2	drug/metabolite transporter DMT2	drug/metabolite transporter DMT2
PF3D7_0720700	PF3D7_0720700.1	PX1	phosphoinositide-binding protein PX1	phosphoinositide-binding protein PX1
PF3D7_0728000	PF3D7_0728000.1	eIF2alpha	eukaryotic translation initiation factor 2 subunit alpha	eukaryotic translation initiation factor 2 subunit alpha
PF3D7_0801700	PF3D7_0801700.1	SENP2	"sentrin-specific protease 2, putative"	"sentrin-specific protease 2, putative"
PF3D7_0807700	PF3D7_0807700.1	DegP	serine protease DegP	serine protease DegP
PF3D7_0810800	PF3D7_0810800.1	PPPK-DHPS	hydroxymethyldihydropterin pyrophosphokinase-dihydropteroate synthase	hydroxymethyldihydropterin pyrophosphokinase-dihydropteroate synthase
PF3D7_0813000	PF3D7_0813000.1	KIC7	protein KIC7	protein KIC7
PF3D7_0936700	PF3D7_0936700.1	N/A	"lysophospholipase, putative"	"lysophospholipase, putative"
PF3D7_1008600	PF3D7_1008600.1	N/A	"zinc finger (CCCH type) protein, putative"	"zinc finger (CCCH type) protein, putative"
PF3D7_1036300	PF3D7_1036300.1	DBLMSP2	duffy binding-like merozoite surface protein 2	duffy binding-like merozoite surface protein 2
PF3D7_1107400	PF3D7_1107400.1	RAD51	DNA repair protein RAD51	DNA repair protein RAD51
PF3D7_1113700	PF3D7_1113700.1	GLO1	glyoxalase I	glyoxalase I
PF3D7_1119600	PF3D7_1119600.1	N/A	"ATP-dependent zinc metalloprotease FTSH, putative"	"ATP-dependent zinc metalloprotease FTSH, putative"
PF3D7_1121700	PF3D7_1121700.1	GCN20	protein GCN20	protein GCN20
PF3D7_1132400	PF3D7_1132400.1	N/A	"transporter, putative"	"transporter, putative"
PF3D7_1136600	PF3D7_1136600.1	MRST	modulator of ring stage translation MRST	modulator of ring stage translation MRST
PF3D7_1138800	PF3D7_1138800.1	N/A	"WD repeat-containing protein, putative"	"WD repeat-containing protein, putative"
PF3D7_1147000	PF3D7_1147000.1	SLARP	sporozoite and liver stage asparagine-rich protein	sporozoite and liver stage asparagine-rich protein
PF3D7_1209900	PF3D7_1209900.1	ABCB7	"ABC transporter B family member 7, putative"	"ABC transporter B family member 7, putative"
PF3D7_1218300	PF3D7_1218300.1	AP2-MU	AP-2 complex subunit mu	AP-2 complex subunit mu
PF3D7_1227700	PF3D7_1227700.1	KIC2	protein KIC2	protein KIC2
PF3D7_1235400	PF3D7_1235400.1	N/A	"tetQ family GTPase, putative"	"tetQ family GTPase, putative"
PF3D7_1235700	PF3D7_1235700.1	N/A	"ATP synthase subunit beta, mitochondrial"	"ATP synthase subunit beta, mitochondrial"
PF3D7_1238800	PF3D7_1238800.1	ACS11	acyl-CoA synthetase	acyl-CoA synthetase
PF3D7_1252600	PF3D7_1252600.1	N/A	"esterase, putative"	"esterase, putative"
PF3D7_1302700	PF3D7_1302700.1	N/A	"ATP-dependent RNA helicase DHR1, putative"	"ATP-dependent RNA helicase DHR1, putative"
PF3D7_1311300	PF3D7_1311300.1	N/A	"ATP synthase subunit gamma, mitochondrial"	"ATP synthase subunit gamma, mitochondrial"
PF3D7_1318100	PF3D7_1318100.1	FD	ferredoxin	ferredoxin
PF3D7_1318300	PF3D7_1318300.1	N/A	"conserved Plasmodium protein, unknown function"	"conserved Plasmodium protein, unknown function"
PF3D7_1339900	PF3D7_1339900.1	ABCB5	"ABC transporter B family member 5, putative"	"ABC transporter B family member 5, putative"
PF3D7_1343400	PF3D7_1343400.1	RAD5	"DNA repair protein RAD5, putative"	"DNA repair protein RAD5, putative"
PF3D7_1343600	PF3D7_1343600.1	N/A	"UDP-N-acetylglucosamine pyrophosphorylase, putative"	"UDP-N-acetylglucosamine pyrophosphorylase, putative"
PF3D7_1343700	PF3D7_1343700.1	Kelch13	kelch protein K13	kelch protein K13
PF3D7_1347500	PF3D7_1347500.1	ALBA4	DNA/RNA-binding protein Alba 4	DNA/RNA-binding protein Alba 4
PF3D7_1349500	PF3D7_1349500.1	N/A	"conserved Plasmodium protein, unknown function"	"conserved Plasmodium protein, unknown function"
PF3D7_1356600	PF3D7_1356600.1	N/A	"regulator of chromosome condensation, putative"	"regulator of chromosome condensation, putative"
PF3D7_1362500	PF3D7_1362500.1	EXO	"3'-5' exonuclease, putative"	"3'-5' exonuclease, putative"
PF3D7_1406900	PF3D7_1406900.1	RlmN	"radical SAM protein, putative"	"radical SAM protein, putative"
PF3D7_1409300	PF3D7_1409300.1	DDI1	DNA damage-inducible protein 1	DNA damage-inducible protein 1
PF3D7_1427500	PF3D7_1427500.1	MSH2-1	"DNA mismatch repair protein MSH2, putative"	"DNA mismatch repair protein MSH2, putative"
PF3D7_1435500	PF3D7_1435500.1	CLC	"clathrin light chain, putative"	"clathrin light chain, putative"
PF3D7_1447900	PF3D7_1447900.1	MDR2	multidrug resistance protein 2	multidrug resistance protein 2
PF3D7_1450700	PF3D7_1450700.1	N/A	Cwf21 domain-containing protein	Cwf21 domain-containing protein
PF3D7_1451000	PF3D7_1451000.1	N/A	"ADP-ribosylation factor, putative"	"ADP-ribosylation factor, putative"
PF3D7_1451200	PF3D7_1451200.1	N/A	"conserved Plasmodium protein, unknown function"	"conserved Plasmodium protein, unknown function"
PF3D7_1452700	PF3D7_1452700.1	N/A	"U1 snRNP-associated protein, putative"	"U1 snRNP-associated protein, putative"
PF3D7_1460500	PF3D7_1460500.1	N/A	"conserved Plasmodium protein, unknown function"	"conserved Plasmodium protein, unknown function"
PF3D7_1462800	PF3D7_1462800.1	GAPDH	glyceraldehyde-3-phosphate dehydrogenase	glyceraldehyde-3-phosphate dehydrogenase
PF3D7_1467400	PF3D7_1467400.1	RPL22	"50S ribosomal protein L22, apicoplast, putative"	"50S ribosomal protein L22, apicoplast, putative"
PF3D7_1470800	PF3D7_1470800.1	N/A	"conserved Plasmodium protein, unknown function"	"conserved Plasmodium protein, unknown function"
PF3D7_1476100	PF3D7_1476100.1	ETRAMP14.2	early transcribed membrane protein 14.2	early transcribed membrane protein 14.2